In JSON,Response ID,AI4,AI7,D5,D7,D8,D9,C1,C2,C7
0,R_snX1LGF2NUe2M6Z,,"['IncreasedAdoption', 'Documentation', 'Requirements']",['Separate'],['EasierToWorkWith'],['FillingFields'],"['AcademicRequirements', 'Adoption']","['Security', 'OpenAccess', 'Reproducability', 'ImprovedIteration']","['TimeConsuming', 'Documentation', 'DomainSpecificKnowledge']","['UseCaseSpecific', 'AuthorOpinion', 'DeferToLegalSystem']"
1,R_2nSZ6Uk4gpCWUxP,,['ReproduceModel'],['BadAnswer'],['BetterDocumentation'],['RigidRequirements'],['LegalRequirements'],['BetterDocumentation'],['TooStructured'],['BOMCreatorLiable']
2,R_3DbEw6tOraj96Gs,,['BadAnswer'],"['Separate', 'Complementary']","['Reproducibility', 'IncreasedTransparency']",['DatasetCreatorsMakingThem'],['AcademicRequirements'],"['Reproducibility', 'IncreasedTransparency']",['Adoption'],"['OptOut', 'ProvideSourceLicenses']"
3,R_3kdkXujBLUZKhh0,,['Certification'],['BadAnswer'],"['IdentifyVulnerabilities', 'IncreasedModelUnderstanding']","['IPandPrivacy', 'Security']",['TrustedThirdParty'],['Teaching'],"['WithholdingInformation', 'Security']",['ProvideSources']
5,R_3fqT2cEIFtvLSOn,,['Databases'],"['References', 'Separate']","['IdentifyVulnerabilities', 'BetterDataSelection', 'Reproducibility']",['LackingStandards'],"['ValidationTools', 'AutomaticValidation']",['Unsure'],['Unsure'],['Unsure']
6,R_3DvvLm2ClM35LuV,,"['PinnedVersions', 'IncludedEnvironment', 'ReproduceModel']",['Integratable'],"['DataAnalysis', 'DataVersioning']","['VerifyData', 'Versioning', 'Updating']",['CryptographicVerification'],"['BestPractices', 'Automation']","['UseCases', 'CustomizableTools']",['ShouldNotAddress']
7,R_2fQicKO6LMixLAR,,['ContinuousIntegrationTests'],['NonSymmetric'],['ExampleModelUsage'],"['Size', 'Distribution']","['AutomaticValidation', 'ValidationTools']",['ExampleModelUsage'],"['Size', 'Distribution']","['AuthorOpinion', 'ProvideSourceLicenses', 'BOMCreatorLiable']"
8,R_2cAhImlk2Ck0mat,['BasicallySbom'],['EstablishBestPractices'],['BadAnswer'],['BetterDataSelection'],['Updating'],['DataGovernance'],['Reproducability'],['Standardization'],['UseMaterialsLegally']
9,R_Wx2cn6RfYxDu3Dz,,"['Certification', 'ReproduceModel']","['References', 'Separate']","['ValidationAndTesting', 'Reproducibility']","['IPandPrivacy', 'Security']",['TrustedThirdParty'],"['Security', 'FasterDeployment']","['EnsureConfidentiality', 'WithholdingInformation', 'Size']","['ProvideSourceLicenses', 'UseMaterialsLegally']"
10,R_2Y5O7bIDKYRDgxj,,"['ModelCode', 'ListLibraries', 'ReproduceModel']","['Complementary', 'NonSymmetric', 'References', 'Separate']","['Reproducibility', 'IdentifyVulnerabilities']",['WorthlessComplianceDocument'],['CryptographicVerification'],"['Reproducability', 'DetectBiases']","['TimeConsuming', 'NotUseful']",['DiscloseLicensedData']
11,R_1q8n5SpYhsIYMg4,,['EmphasisOnDataDependencies'],['Unsure'],['GuaranteesOnModelPerformance'],"['IPandPrivacy', 'Regulation']","['FormalMethods', 'Documentation', 'Testing']",['Security'],"['EnsureConfidentiality', 'UseCases', 'Standardization']",['Unsure']
12,R_1mmIXtQKGgLWU7P,,['EmphasisOnDataDependencies'],"['OneToMany', 'References', 'Separate', 'NonSymmetric', 'Complementary']",['IdentifyVulnerabilities'],['TrackingAllTrainingData'],['StandardizedProcedures'],['ProblemLocation'],"['Adoption', 'TimeConsuming']","['ProvideTimestamp', 'ProvideSources', 'DataOwnersCanCheck']"
13,R_55W4oRWHfxOQzT3,,"['CommunityReporting', 'Certification']",['Base'],"['PreventDataAbuse', 'ProtectIP']","['VerifyData', 'LackingStandards']","['TraditionalMethods', 'Unsure']","['Security', 'ProblemLocation', 'VerifyUsability']","['WithholdingInformation', 'VerifyDependencies']","['ConflictOfInterest', 'DiscloseLicensedData', 'DisclosePII', 'ProvideSourceLicenses']"
14,R_4NF31pzBLP32S6R,,['ProvenanceInformation'],"['DataFromUpstream', 'AiForDownstream']","['Reproducibility', 'IdentifyVulnerabilities']","['Size', 'Versioning']",['ProvenanceInformation'],"['Security', 'Trust']","['Versioning', 'Size']",['UseMaterialsLegally']
15,R_pRGaZXs482rgAZX,,['AutomatedTool'],"['Separate', 'PackagedTogether']",['IncreasedModelTrust'],['IPandPrivacy'],['Impossible'],['Trust'],['NoChallenges'],['ProvideSourceLicenses']
16,R_1mnnusK22udQw8S,,['UniversalAPI'],"['Complementary', 'Separate']",['Unsure'],['DataHash'],['Unsure'],['BadAnswer'],['NotUseful'],['PartOfImage']
17,R_1n7Jt1YCHoTG4OD,,['ListLibraries'],['Complementary'],['IdentifyVulnerabilities'],['RepresentLabelers'],['Impossible'],"['Reproducability', 'DetectBiases']",['Adoption'],"['UseMaterialsLegally', 'BOMCreatorLiable']"
18,R_Z9OwHebnJViKb05,,"['ModelCode', 'ModelTrainedViaAIBOM', 'ListLibraries']",['DataBomPartOfAibom'],"['BetterLabeling', 'IdentifyVulnerabilities']",['Updating'],['Unsure'],['ContinuousIntegration'],['CrossModel'],['ProvideSourceLicenses']
19,R_1re29t5ffAzofYC,,['ScreeningPipeline'],"['Compatible', 'Separate']","['IdentifyVulnerabilities', 'Reproducibility', 'DataVersioning']","['Adoption', 'LackingStandards']","['ValidationTools', 'AutomaticValidation', 'AuditTooling', 'UpgradeTooling']","['ProblemLocation', 'ImprovedIteration', 'DetectBiases', 'Reproducability', 'BetterCollaboration']","['Adoption', 'ObsoleteQuickly']",['AutomatedScreening']
20,R_37tJ6C11CZ9OlfH,,"['ZeroKnowledgeProof', 'CostlessVerification']",['DataBomPartOfAibom'],['Compliance'],"['Documentation', 'Maintenance']","['ZeroKnowledgeProof', 'CostlessVerification']",['Compliance'],"['Documentation', 'Maintenance']",['BadAnswer']
